new_car_num, all_car_num, compuation_time
0,0,0.0036295
34,46,0.780833
36,72,1.66702
33,76,1.43376
28,104,1.38716
39,129,1.70689
36,137,2.05129
26,87,1.41968
33,103,1.10685
34,83,1.13282
34,122,1.44523
31,113,1.31974
38,115,1.38849
32,100,1.77893
34,82,1.39984
34,129,1.88632
35,122,1.36457
40,104,2.01827
29,91,1.207
37,98,1.11318
28,99,1.72501
28,103,1.50225
35,112,2.04468
31,101,1.70251
36,85,1.1824
