new_car_num, all_car_num, compuation_time
31,47,0.85934
20,42,0.703732
14,49,0.509799
14,52,0.589787
10,49,0.547843
16,45,0.618191
10,37,0.473971
14,49,0.746236
