new_car_num, all_car_num, compuation_time
0,0,0.0013989
0,0,0.001289
21,21,0.244284
30,38,0.485579
39,48,0.569197
25,45,0.358461
38,74,0.534514
34,83,0.644438
31,86,0.569306
