new_car_num, all_car_num, compuation_time
0,0,0.0010557
0,0,0.0010785
23,23,0.878106
30,30,0.977358
36,36,1.14909
26,26,0.929153
37,37,1.09153
39,39,1.61505
30,30,0.826837
30,30,0.972985
33,33,1.08205
31,31,1.24846
37,37,1.25912
31,31,1.08691
37,37,1.57663
