new_car_num, all_car_num, compuation_time
0,0,0.000988
0,0,0.0008701
23,39,1.55136
30,56,2.65894
36,75,3.54399
26,75,3.38384
37,78,2.72815
39,76,3.38373
