new_car_num, all_car_num, compuation_time
0,0,0.0011832
34,44,1.40548
36,71,2.25426
33,83,2.51536
28,103,3.13301
39,100,2.84594
36,97,2.47329
26,81,1.74155
33,85,1.99468
34,79,2.10913
34,92,2.42256
31,91,2.27697
38,108,2.66429
32,108,2.65534
34,103,2.3267
33,89,1.93938
36,110,2.84392
40,122,3.49233
29,103,2.61401
37,96,2.29593
28,71,1.84217
26,87,3.01753
34,102,2.90116
