new_car_num, all_car_num, compuation_time
0,0,0.0010799
0,0,0.0008644
23,23,0.953928
30,30,1.04111
36,36,1.2138
26,26,0.902842
37,37,1.24722
39,39,1.92824
30,30,0.882764
30,30,1.13593
33,33,1.28062
31,31,1.58584
37,37,1.55018
31,31,1.46791
