new_car_num, all_car_num, compuation_time
0,0,0.0014751
0,0,0.0007637
23,32,1.27661
30,56,1.82067
36,80,2.21754
26,79,2.07007
