new_car_num, all_car_num, compuation_time
0,0,0.0032209
0,0,0.0013793
24,30,1.03566
35,65,3.09032
