new_car_num, all_car_num, compuation_time
0,0,0.0020402
0,0,0.0012222
51,51,5.64258
93,101,9.6123
105,125,13.1049
87,153,14.8372
107,216,20.8204
91,217,19.506
98,263,23.573
88,279,19.4808
