new_car_num, all_car_num, compuation_time
0,0,0.0021195
0,0,0.00098
73,73,11.4489
121,130,11.5995
131,159,16.2909
117,215,22.0448
120,255,24.7804
