0_0_computation,0_0_MEC_range,
0.0008901,,
0.0004979,,
10.9404,,
16.8968,,
19.2294,,
21.5467,,
29.6309,,
36.2278,,
32.8503,,
34.0688,,
36.0415,,
40.0652,,
51.5513,,
43.8768,,
46.3668,,
55.7558,,
52.0876,,
58.3524,,
53.1091,,
60.7359,,
60.6208,,
58.3576,,
