new_car_num, all_car_num, compuation_time
0,0,0.0008901
0,0,0.0004979
28,28,10.9404
51,56,16.8968
50,55,19.2294
45,75,21.5467
37,94,29.6309
56,117,36.2278
51,128,32.8503
38,125,34.0688
34,140,36.0415
40,175,40.0652
49,176,51.5513
43,175,43.8768
58,219,46.3668
39,209,55.7558
44,226,52.0876
51,256,58.3524
42,237,53.1091
49,253,60.7359
51,299,60.6208
44,283,58.3576
